Workbook

Sheet UC_HeThong
A1: DANH SÁCH ĐẦY ĐỦ USE CASE HỆ THỐNG & ƯỚC TÍNH MAN-DAY
A2: Cột "Có trong MVP?" đánh dấu UC nào nằm trong gói MVP đã thống nhất; các UC còn lại thuộc phạm vi mở rộng / giai đoạn sau. Ước tính man-day cho 1 dev làm full-time.
A4: STT | B4: Mã UC | C4: Tên Use Case | D4: Actor | E4: Mô tả chi tiết | F4: Man-day | G4: Có trong MVP? | H4: Đã làm
A5: NHÓM A — NGƯỜI DÙNG (thuộc MVP)
A6: 1 | B6: UC01 | C6: Xem danh sách & lọc/tìm kiếm biển số | D6: Khách vãng lai, Khách hàng | E6: Hiển thị lưới/danh sách biển số đang bán; lọc theo loại (ngũ quý, tứ quý, tam hoa, lộc phát...), theo tỉnh/thành, khoảng giá, loại xe; sắp xếp theo giá/mới nhất. | F6: 3.5 | G6: Có | H6: FALSE
A7: 2 | B7: UC02 | C7: Xem chi tiết biển số | D7: Khách vãng lai, Khách hàng | E7: Trang chi tiết 1 biển số: hình ảnh, giá, ý nghĩa phong thủy, nút liên hệ/gọi ngay, nút lưu yêu thích, gợi ý biển số tương tự. | F7: 1.5 | G7: Có | H7: FALSE
A8: 3 | B8: UC03 | C8: Đăng ký / Đăng nhập / Đăng xuất / Quên mật khẩu | D8: Khách hàng | E8: Tạo tài khoản bằng email hoặc số điện thoại, xác thực, đăng nhập/đăng xuất, luồng quên & đặt lại mật khẩu. | F8: 3 | G8: Có | H8: FALSE
A9: 4 | B9: UC04 | C9: Lưu & quản lý danh sách yêu thích | D9: Khách hàng | E9: Thêm/xóa biển số vào danh sách yêu thích ngay tại trang danh sách hoặc chi tiết; trang riêng xem lại toàn bộ số đã lưu. | F9: 0.5 | G9: Có | H9: FALSE
A10: 5 | B10: UC05 | C10: Tích hợp chat widget | D10: Khách vãng lai, Khách hàng | E10: Nhúng chat trực tuyến (VD: Tawk.to/Facebook Messenger) hiển thị trên mọi trang để khách hỏi nhanh. | F10: 0.5 | G10: Có | H10: FALSE
A11: 6 | B11: UC06 | C11: Liên hệ nhanh qua Zalo | D11: Khách vãng lai, Khách hàng | E11: Nút/icon click-to-chat mở thẳng cuộc trò chuyện Zalo với người bán, không cần nhập số điện thoại. | F11: 0.5 | G11: Có | H11: FALSE
A12: 7 | B12: UC07 | C12: Gửi yêu cầu liên hệ / đặt mua biển số | D12: Khách vãng lai, Khách hàng | E12: Form nhập thông tin liên hệ (tên, SĐT, biển số quan tâm), gửi email/thông báo về admin để tư vấn tiếp (xử lý offline, chưa thanh toán online). | F12: 1.5 | G12: Có | H12: FALSE | K12: gửi mail hoặc sheet
A14: NHÓM B — QUẢN TRỊ VIÊN / ADMIN (thuộc MVP) | H14: FALSE
A15: 8 | B15: UC08 | C15: Đăng nhập quản trị & phân quyền | D15: Admin | E15: Trang đăng nhập riêng cho admin, bảo vệ toàn bộ khu vực quản trị khỏi truy cập trái phép. | F15: 1 | G15: Có | H15: FALSE
A16: 9 | B16: UC09 | C16: Quản lý biển số (thêm/sửa/xóa, upload ảnh) | D16: Admin | E16: CRUD đầy đủ cho biển số: nhập thông tin, upload/đổi ảnh, đổi trạng thái còn hàng/đã bán, ẩn/hiện. | F16: 2 | G16: Có | H16: FALSE
A17: 10 | B17: UC10 | C17: Quản lý danh mục | D17: Admin | E17: CRUD danh mục lọc: loại biển (ngũ quý, tứ quý...), tỉnh/thành, khoảng giá, loại xe. | F17: 2 | G17: Có | H17: FALSE
A18: 11 | B18: UC11 | C18: Quản lý yêu cầu liên hệ từ khách | D18: Admin | E18: Xem danh sách khách đã gửi form liên hệ/đặt mua, cập nhật trạng thái xử lý (mới/đang tư vấn/đã chốt). | F18: 2 | G18: Có | H18: FALSE | K18: mail và sheet
A19: 12 | B19: UC12 | C19: Quản lý tài khoản khách hàng | D19: Admin | E19: Xem danh sách khách đã đăng ký, khóa/mở tài khoản khi cần. | F19: 1.5 | G19: Có | H19: FALSE | K19: chưa cần
A21: NHÓM C — YÊU CẦU PHI CHỨC NĂNG (thuộc MVP) | H21: FALSE
A22: 13 | B22: NFR01 | C22: Responsive & tối ưu giao diện | D22: — | E22: Đảm bảo hiển thị tốt trên mobile/tablet/desktop cho toàn bộ trang, dựa trên template có sẵn. | F22: 2 | G22: Có | H22: FALSE
A23: 14 | B23: NFR02 | C23: SEO cơ bản | D23: — | E23: Meta tag động theo từng trang, sitemap.xml, cấu trúc URL thân thiện, tối ưu tốc độ tải trang. | F23: 1 | G23: Có | H23: FALSE
A24: 15 | B24: NFR03 | C24: Kiểm thử tổng thể & triển khai | D24: — | E24: Test toàn bộ luồng chính, sửa lỗi phát sinh, cấu hình & deploy lên server, bàn giao. | F24: 1 | G24: Có | H24: FALSE | I24: Tổng man-day của MVP
H25: FALSE
A26: NHÓM D — MỞ RỘNG / GIAI ĐOẠN SAU (KHÔNG thuộc MVP) | H26: FALSE
A27: 16 | B27: UC13 | C27: Đấu giá biển số online | D27: Khách hàng, Admin | E27: Biến những biển số hiếm thành sự kiện đấu giá hấp dẫn: khách đăng nhập và đặt giá trực tiếp trên web, giá cập nhật theo thời gian thực để mọi người cùng thấy, hệ thống tự động xác định người thắng khi hết giờ và gửi thông báo ngay lập tức. Đây là cách hiệu quả để đẩy giá trị các biển ngũ quý, tứ quý hiếm lên cao nhất thay vì bán giá cố định. | F27: 6 | G27: Không | H27: FALSE
A28: 17 | B28: UC14 | C28: Thanh toán / đặt cọc online | D28: Khách hàng | E28: Cho phép khách đặt cọc giữ chỗ hoặc thanh toán toàn bộ ngay trên web qua VNPay/Momo — không cần chờ gặp mặt hay chuyển khoản thủ công. Hệ thống tự động xác nhận giao dịch, cập nhật trạng thái 'đã đặt cọc' để tránh bán trùng cho nhiều người, và lưu lịch sử để đối soát cuối tháng. | F28: 3 | G28: Không | H28: FALSE
A29: 18 | B29: UC15 | C29: Đánh giá & nhận xét | D29: Khách hàng, Admin | E29: Sau khi giao dịch xong, khách để lại đánh giá và cảm nhận ngay trên web. Đánh giá tích cực hiển thị công khai, tạo niềm tin cho khách mới đang phân vân — giống review 5 sao trên Shopee/Tiki, rất quan trọng với ngành hàng cần độ tin cậy cao như biển số xe. | F29: 2 | G29: Không | H29: FALSE
A30: 19 | B30: UC16 | C30: So sánh nhiều biển số | D30: Khách hàng | E30: Khách chọn 2-3 biển số ưng ý rồi xem bảng so sánh giá và ý nghĩa phong thủy đặt cạnh nhau, giúp ra quyết định nhanh hơn thay vì phải mở từng trang riêng để đối chiếu. | F30: 1.5 | G30: Không | H30: FALSE
A31: 20 | B31: UC17 | C31: Thông báo biển số mới theo tiêu chí đã lưu | D31: Khách hàng | E31: Khách lưu lại tiêu chí đang tìm (VD: đuôi 79, dưới 50 triệu), hệ thống tự động gửi email/thông báo ngay khi có biển mới phù hợp xuất hiện — giữ chân khách quay lại thay vì họ phải tự vào kiểm tra mỗi ngày. | F31: 2 | G31: Không | H31: FALSE
A32: 21 | B32: UC18 | C32: Blog / tin tức & quản lý bài viết | D32: Khách vãng lai, Admin | E32: Trang chia sẻ kiến thức phong thủy chọn biển số, cập nhật quy định biển số mới của nhà nước, kèm công cụ soạn thảo cho admin để đăng bài dễ như viết Facebook. Đây cũng là kênh SEO mạnh giúp web lên top Google khi khách tìm 'biển số hợp mệnh', 'ý nghĩa biển ngũ quý'... | F32: 3 | G32: Không | H32: FALSE
A33: 22 | B33: UC19 | C33: Dashboard thống kê cho Admin | D33: Admin | E33: Màn hình tổng quan trực quan cho chủ shop: biểu đồ doanh thu theo tuần/tháng, biển số nào được xem nhiều nhất, khách đến từ nguồn nào — giúp ra quyết định kinh doanh (nên nhập thêm loại biển nào, chạy quảng cáo ở đâu) mà không cần mở Excel tính tay. | F33: 2.5 | G33: Không | H33: FALSE
A34: 23 | B34: UC20 | C34: Quản lý nhiều Admin / nhân viên & phân quyền | D34: Admin cấp cao | E34: Khi shop mở rộng có thêm nhân viên, chủ shop tạo tài khoản riêng cho từng người với quyền hạn giới hạn (VD: nhân viên chỉ được đăng biển số mới, không được xóa hay đổi giá) — tránh rủi ro khi giao toàn quyền quản trị cho người ngoài. | F34: 2 | G34: Không | H34: FALSE
A35: 24 | B35: UC21 | C35: Xác thực OTP qua SMS | D35: Khách hàng | E35: Thay vì chỉ xác thực qua email (dễ bị bỏ qua), hệ thống gửi mã OTP qua tin nhắn SMS khi khách đăng ký/đăng nhập — tăng độ tin cậy, hạn chế tài khoản ảo, phù hợp thói quen dùng số điện thoại làm định danh chính của người Việt. | F35: 1.5 | G35: Không | H35: FALSE
A36: 25 | B36: UC22 | C36: Dịch vụ tư vấn sang tên / định danh | D36: Khách hàng, Admin | E36: Sau khi mua biển số, nhiều khách bối rối không biết làm thủ tục sang tên/định danh ra sao. Tính năng này cho khách gửi yêu cầu hỗ trợ ngay trên web, admin theo dõi tiến độ hồ sơ từng bước (đã nộp - đang xử lý - hoàn tất) như tra cứu đơn hàng — biến dịch vụ hậu mãi thành lợi thế cạnh tranh. | F36: 2.5 | G36: Không | H36: FALSE
A37: 26 | B37: UC23 | C37: Tra cứu biển số hợp mệnh theo ngày sinh | D37: Khách hàng | E37: Khách nhập ngày tháng năm sinh, hệ thống tự động tính mệnh ngũ hành (Kim/Mộc/Thủy/Hỏa/Thổ) và gợi ý đầu số, dãy số hợp mệnh nhất cho họ — biến việc chọn biển số từ 'may rủi' thành trải nghiệm cá nhân hóa, đúng insight khách đang tìm biển 'hợp tuổi hợp mệnh' chứ không chỉ đẹp mắt. Tính năng khác biệt hiếm shop nào có, dễ viral khi khách chia sẻ kết quả cho bạn bè. | F37: 2.5 | G37: Không | H37: FALSE
A38: 27 | B38: UC24 | C38: Ký gửi bán biển số của khách hàng | D38: Khách hàng, Admin | E38: Không chỉ bán biển của shop, khách có biển số muốn bán lại có thể tự đăng ký gửi bán qua form trên web (kèm ảnh, giá mong muốn). Admin duyệt trước khi hiển thị công khai. Biến website từ 'cửa hàng một chiều' thành 'chợ biển số hai chiều', tăng số lượng biển hiển thị mà không cần tự nhập hàng, đồng thời shop có thể thu phí trung gian mỗi giao dịch thành công. | F38: 3.5 | G38: Không | H38: FALSE
... A40: 29 | B40: UC26 | C40: Trợ lý AI tư vấn tự động 24/7 | D40: Khách vãng lai, Khách hàng | E40: Một chatbot thông minh (dùng công nghệ AI ngôn ngữ tự nhiên) túc trực trên web để trả lời ngay câu hỏi thường gặp của khách — ý nghĩa biển số này là gì, còn hàng không, giá bao nhiêu, cách đặt cọc ra sao — kể cả ngoài giờ làm việc khi nhân viên chưa kịp phản hồi. Giữ chân khách hàng nóng ngay lúc họ đang quan tâm nhất, thay vì để họ chờ rồi chuyển sang shop khác. | F40: 4 | G40: Không | H40: FALSE
A42: TỔNG MAN-DAY — CHỈ TÍNH CÁC UC TRONG MVP | G42: =SUMIF($G$6:$G$40,"Có",$F$6:$F$40) -> 23
A43: TỔNG MAN-DAY — TOÀN BỘ HỆ THỐNG (MVP + mở rộng) | G43: =SUM($F$6:$F$40) -> 63 | H43: Tặng thêm mở rộng tính năng lên 75

Sheet Đơn Giá Hệ Thống
A1: GIẢ ĐỊNH & ĐƠN GIÁ ĐẦU VÀO
A2: Các ô màu vàng/chữ xanh dương là số có thể chỉnh sửa. Toàn bộ bảng báo giá ở sheet "BaoGia" và tổng man-day ở sheet "UC_HeThong" sẽ tự tính lại theo các ô này.
A4: Thông số | B4: Giá trị | C4: Đơn vị | D4: Ghi chú / Nguồn
A5: Đơn giá dev chính (fresher-level) / ngày công | B5: 250000 | C5: đ/ngày | D5: Tham khảo thị trường freelance VN 2026: freshser-level 250.000-500.000đ/ngày (TopCV, CodeGym)
A6: Hệ số giá gói 2 dev (so với gói 1 dev cùng phạm vi) | B6: 1.75 | C6: hệ số | D6: 2 dev mắc hơn 1 dev 1,75 lần (không phải x2) - bù chi phí phối hợp/quản lý, đổi lại rút ngắn thời gian hoàn thành gần một nửa.
A7: Hệ số chiết khấu chi phí Dev (áp cho toàn bộ các gói) | B7: 1 | C7: hệ số | D7: Giảm 50% chi phí Dev so với đơn giá thị trường tham khảo ở trên - theo yêu cầu điều chỉnh giá cho khách. 1.00 = không giảm, 0.50 = giảm 50%.
A8: Giá server / tháng (VPS cơ bản, đủ Node+MySQL+Redis) | B8: 400000 | C8: đ/tháng | D8: Khách đã có domain riêng. Tham khảo VPS 2vCPU/4GB RAM.
A9: Số tháng tính phí server trong báo giá | B9: 2 | C9: tháng | D9: Gồm tháng phát triển + tháng đầu vận hành sau bàn giao.
A10: Số ngày làm việc / tuần (để quy đổi man-day ra thời gian) | B10: 5 | C10: ngày/tuần | D10: Dùng để ước tính thời gian hoàn thành (tuần) từ tổng man-day, không còn cố định theo gói tháng.
A11: Số ngày ân hạn trước khi tính thưởng/phạt | B11: 2 | C11: ngày | D11: Sớm/trễ trong khoảng ân hạn này chưa tính thưởng/phạt, tránh tranh cãi vặt vài ngày.
A12: % thưởng mỗi ngày hoàn thành sớm (so với giá trị hợp đồng) | B12: 0.005 | C12: % | D12: 0,5%/ngày sớm — ví dụ hợp đồng 20 triệu, sớm 1 ngày (ngoài ân hạn) thưởng 100.000đ.
A13: Trần thưởng tối đa (so với giá trị hợp đồng) | B13: 0.35 | C13: % | D13: Thưởng tối đa không vượt quá 15% giá trị hợp đồng dù sớm bao nhiêu ngày.
A14: % phạt mỗi ngày trễ tiến độ (so với giá trị hợp đồng) | B14: 0.005 | C14: % | D14: 0,5%/ngày trễ — cùng mức với thưởng để công bằng hai chiều.
A15: Trần phạt tối đa (so với giá trị hợp đồng) | B15: 0.2 | C15: % | D15: Phạt tối đa không vượt quá 20% giá trị hợp đồng dù trễ bao nhiêu ngày.
A16: Số ngày ví dụ minh họa — hoàn thành SỚM | B16: 3 | C16: ngày | D16: Chỉ để minh họa cách tính, có thể đổi.
... A22: Hệ số phụ phí nâng cấp sau (mua thêm phần mở rộng sau khi đã có MVP) | B22: 1 | C22: hệ số | D22: Mua thêm tính năng mở rộng SAU khi MVP đã chạy sẽ mắc hơn 20% so với mua trọn gói Đầy đủ ngay từ đầu, vì phải tích hợp vào hệ thống đang vận hành, kiểm thử lại phần cũ và sắp xếp lịch làm việc riêng.

Sheet BaoGia
A1: BÁO GIÁ DỰ ÁN: WEBSITE BÁN BIỂN SỐ ĐẸP
A2: Giá tính theo khối lượng man-day thực tế của từng gói (xem chi tiết UC ở sheet UC_HeThong), không còn cố định theo tháng. Khách đã có domain riêng - chỉ tính chi phí server.
A4: Hạng mục | B4: Gói MVP - 1 dev | C4: Gói MVP - 2 dev | D4: Gói Đầy đủ - 1 dev | E4: Gói Đầy đủ - 2 dev
A5: Phạm vi | B5: UC01-UC12 + NFR01-03 (12 UC chức năng + 3 yêu cầu phi chức năng) | C5: UC01-UC12 + NFR01-03 (như bên trái, làm nhanh hơn) | D5: Toàn bộ UC01-UC26 + NFR01-03 (gồm đấu giá, thanh toán online, blog, dashboard, hợp mệnh, ký gửi, cộng tác viên, AI tư vấn...) | E5: Toàn bộ UC01-UC26 + NFR01-03 (như bên trái, làm nhanh hơn)
A6: Tổng man-day (theo UC_HeThong) | B6: =UC_HeThong!$G$42 -> 23 | C6: =UC_HeThong!$G$42 -> 23 | D6: =UC_HeThong!$G$43 -> 63 | E6: =UC_HeThong!$G$43 -> 63 | F6: Có thể đẩy lên 75 cho cả 2 dạng 1dev và 2dev
A7: Ngày công / dev | B7: =UC_HeThong!$G$42 -> 23 | C7: =UC_HeThong!$G$42/2 -> 11.5 | D7: =UC_HeThong!$G$43 -> 63 | E7: =UC_HeThong!$G$43/2 -> 31.5
A8: Thời gian dự kiến hoàn thành | B8: =B7/'Đơn Giá Hệ Thống'!$B$10 -> 4.6 | C8: =C7/'Đơn Giá Hệ Thống'!$B$10 -> 2.3 | D8: =D7/'Đơn Giá Hệ Thống'!$B$10 -> 12.6 | E8: =E7/'Đơn Giá Hệ Thống'!$B$10 -> 6.3
A9: Chi phí Dev | B9: =UC_HeThong!$G$42*'Đơn Giá Hệ Thống'!$B$5*'Đơn Giá Hệ Thống'!$B$7 -> 5750000 | C9: =B9*'Đơn Giá Hệ Thống'!$B$6 -> 10062500 | D9: =UC_HeThong!$G$43*'Đơn Giá Hệ Thống'!$B$5*'Đơn Giá Hệ Thống'!$B$7 -> 15750000 | E9: =D9*'Đơn Giá Hệ Thống'!$B$6 -> 27562500
A10: Chi phí Server (VPS) | B10: ='Đơn Giá Hệ Thống'!$B$8*'Đơn Giá Hệ Thống'!$B$9 -> 800000 | C10: ='Đơn Giá Hệ Thống'!$B$8*'Đơn Giá Hệ Thống'!$B$9 -> 800000 | D10: ='Đơn Giá Hệ Thống'!$B$8*'Đơn Giá Hệ Thống'!$B$9 -> 800000 | E10: ='Đơn Giá Hệ Thống'!$B$8*'Đơn Giá Hệ Thống'!$B$9 -> 800000
A11: TỔNG CHI PHÍ DỰ KIẾN | B11: =B9+B10 -> 6550000 | C11: =C9+C10 -> 10862500 | D11: =D9+D10 -> 16550000 | E11: =E9+E10 -> 28362500
A13: Ghi chú:
A14: - Gói MVP = các UC cần thiết để vận hành bán biển số ngay (xem cột "Có trong MVP?" ở sheet UC_HeThong). Gói Đầy đủ = MVP + toàn bộ tính năng mở rộng (đấu giá, thanh toán online, blog, dashboard thống kê, đa admin, OTP SMS, dịch vụ sang tên...).
A15: - Giá tính trực tiếp theo tổng man-day của từng gói x đơn giá, không quy về gói tháng cố định - thời gian hoàn thành ở trên chỉ là ước tính quy đổi tham khảo.
A16: - Gói 2 dev tính giá = 1,75 lần gói 1 dev cùng phạm vi (không phải x2) để phản ánh chi phí phối hợp/quản lý tăng thêm, đổi lại thời gian hoàn thành rút ngắn gần một nửa.
A17: - Chi phí Dev đã được áp mức chiết khấu 50% so với đơn giá thị trường tham khảo ban đầu (điều chỉnh ở ô "Hệ số chiết khấu chi phí Dev" trong sheet GiaDinh).
A18: - Khách hàng đã có domain sẵn - báo giá server chỉ tính chi phí thuê VPS, chưa gồm phí domain.
A19: - Chưa bao gồm chi phí duy trì/bảo trì sau bàn giao - có thể chào riêng dạng gói duy trì hàng tháng nếu khách quan tâm.
A20: - Toàn bộ đơn giá, man-day và hệ số là ƯỚC TÍNH tham khảo, có thể điều chỉnh ở sheet "GiaDinh" và "UC_HeThong".

Sheet Business Logic 

Sheet ChinhSach
A1: CHÍNH SÁCH THANH TOÁN, THƯỞNG - PHẠT TIẾN ĐỘ & BẢO HÀNH - BẢO TRÌ
A2: Áp dụng cho mọi gói ở sheet BaoGia. Mốc hoàn thành tính theo ngày lịch (7 ngày/tuần), không phải ngày làm việc.
A4: 1. LỘ TRÌNH THANH TOÁN
A5: - Khách đặt cọc một phần khi ký hợp đồng để dev bắt đầu triển khai; phần còn lại thanh toán khi bàn giao xong toàn bộ và khách đã kiểm tra hoạt động ổn định.
A6: - Tỷ lệ đặt cọc áp dụng chung cho mọi gói (chỉnh ở sheet GiaDinh), có thể thương lượng riêng theo từng hợp đồng nếu cần chia thêm mốc thanh toán.
A8: Thông số | B8: Gói MVP - 1 dev | C8: Gói MVP - 2 dev | D8: Gói Đầy đủ - 1 dev | E8: Gói Đầy đủ - 2 dev
A9: Giá trị hợp đồng (tổng chi phí) | B9: =BaoGia!B11 -> 6550000 | C9: =BaoGia!C11 -> 10862500 | D9: =BaoGia!D11 -> 16550000 | E9: =BaoGia!E11 -> 28362500
A10: Đặt cọc khi ký hợp đồng | B10: =B9*'Đơn Giá Hệ Thống'!$B$21 -> 2620000 | C10: =C9*'Đơn Giá Hệ Thống'!$B$21 -> 4345000 | D10: =D9*'Đơn Giá Hệ Thống'!$B$21 -> 6620000 | E10: =E9*'Đơn Giá Hệ Thống'!$B$21 -> 11345000
A11: Thanh toán khi hoàn tất & bàn giao (còn lại) | B11: =B9*(1-'Đơn Giá Hệ Thống'!$B$21) -> 3930000 | C11: =C9*(1-'Đơn Giá Hệ Thống'!$B$21) -> 6517500 | D11: =D9*(1-'Đơn Giá Hệ Thống'!$B$21) -> 9930000 | E11: =E9*(1-'Đơn Giá Hệ Thống'!$B$21) -> 17017500
A14: 2. THƯỞNG HOÀN THÀNH SỚM / PHẠT TRỄ TIẾN ĐỘ
A15: - Trong vài ngày ân hạn đầu tiên (số ngày quy định ở GiaDinh), sớm/trễ chưa tính thưởng/phạt - tránh tranh cãi vặt do sai số nhỏ.
A16: - Sau thời gian ân hạn: mỗi ngày hoàn thành SỚM hơn mốc đã thống nhất, khách thưởng thêm một tỷ lệ % giá trị hợp đồng (có trần tối đa).
A17: - Mỗi ngày TRỄ hơn mốc đã thống nhất (do lỗi từ phía dev, không tính lý do khách đổi yêu cầu giữa chừng), dev chịu phạt một tỷ lệ % giá trị hợp đồng (có trần tối đa).
A18: - Mốc tiến độ và ngày ân hạn nên ghi rõ trong hợp đồng để tránh hiểu nhầm giữa hai bên.
A20: Thông số | B20: Gói MVP - 1 dev | C20: Gói MVP - 2 dev | D20: Gói Đầy đủ - 1 dev | E20: Gói Đầy đủ - 2 dev
A21: Giá trị hợp đồng (tổng chi phí) | B21: =BaoGia!B11 -> 6550000 | C21: =BaoGia!C11 -> 10862500 | D21: =BaoGia!D11 -> 16550000 | E21: =BaoGia!E11 -> 28362500
A22: Mốc hoàn thành dự kiến (ngày lịch) | B22: =ROUND(BaoGia!B8*7,0) -> 32 | C22: =ROUND(BaoGia!C8*7,0) -> 16 | D22: =ROUND(BaoGia!D8*7,0) -> 88 | E22: =ROUND(BaoGia!E8*7,0) -> 44
A23: Mức thưởng / ngày sớm (sau ân hạn) | B23: =B21*'Đơn Giá Hệ Thống'!$B$12 -> 32750 | C23: =C21*'Đơn Giá Hệ Thống'!$B$12 -> 54312.5 | D23: =D21*'Đơn Giá Hệ Thống'!$B$12 -> 82750 | E23: =E21*'Đơn Giá Hệ Thống'!$B$12 -> 141812.5
A24: Thưởng tối đa (trần) | B24: =B21*'Đơn Giá Hệ Thống'!$B$13 -> 2292500 | C24: =C21*'Đơn Giá Hệ Thống'!$B$13 -> 3801875 | D24: =D21*'Đơn Giá Hệ Thống'!$B$13 -> 5792500 | E24: =E21*'Đơn Giá Hệ Thống'!$B$13 -> 9926875
A25: Ví dụ: thưởng nếu sớm (số ngày ví dụ ở GiaDinh) | B25: =MIN(B21*'Đơn Giá Hệ Thống'!$B$12*'Đơn Giá Hệ Thống'!$B$16,B21*'Đơn Giá Hệ Thống'!$B$13) -> 98250 | C25: =MIN(C21*'Đơn Giá Hệ Thống'!$B$12*'Đơn Giá Hệ Thống'!$B$16,C21*'Đơn Giá Hệ Thống'!$B$13) -> 162937.5 | D25: =MIN(D21*'Đơn Giá Hệ Thống'!$B$12*'Đơn Giá Hệ Thống'!$B$16,D21*'Đơn Giá Hệ Thống'!$B$13) -> 248250 | E25: =MIN(E21*'Đơn Giá Hệ Thống'!$B$12*'Đơn Giá Hệ Thống'!$B$16,E21*'Đơn Giá Hệ Thống'!$B$13) -> 425437.5
A27: Mức phạt / ngày trễ (sau ân hạn) | B27: =B21*'Đơn Giá Hệ Thống'!$B$14 -> 32750 | C27: =C21*'Đơn Giá Hệ Thống'!$B$14 -> 54312.5 | D27: =D21*'Đơn Giá Hệ Thống'!$B$14 -> 82750 | E27: =E21*'Đơn Giá Hệ Thống'!$B$14 -> 141812.5
A28: Phạt tối đa (trần) | B28: =B21*'Đơn Giá Hệ Thống'!$B$15 -> 1310000 | C28: =C21*'Đơn Giá Hệ Thống'!$B$15 -> 2172500 | D28: =D21*'Đơn Giá Hệ Thống'!$B$15 -> 3310000 | E28: =E21*'Đơn Giá Hệ Thống'!$B$15 -> 5672500
A29: Ví dụ: phạt nếu trễ (số ngày ví dụ ở GiaDinh) | B29: =MIN(B21*'Đơn Giá Hệ Thống'!$B$14*'Đơn Giá Hệ Thống'!$B$17,B21*'Đơn Giá Hệ Thống'!$B$15) -> 163750 | C29: =MIN(C21*'Đơn Giá Hệ Thống'!$B$14*'Đơn Giá Hệ Thống'!$B$17,C21*'Đơn Giá Hệ Thống'!$B$15) -> 271562.5 | D29: =MIN(D21*'Đơn Giá Hệ Thống'!$B$14*'Đơn Giá Hệ Thống'!$B$17,D21*'Đơn Giá Hệ Thống'!$B$15) -> 413750 | E29: =MIN(E21*'Đơn Giá Hệ Thống'!$B$14*'Đơn Giá Hệ Thống'!$B$17,E21*'Đơn Giá Hệ Thống'!$B$15) -> 709062.5
A32: 3. BẢO HÀNH & BẢO TRÌ SAU BÀN GIAO
A33: - Bảo hành MIỄN PHÍ trong số ngày quy định ở GiaDinh (mặc định 30 ngày) kể từ ngày bàn giao: sửa mọi lỗi phát sinh từ code đã bàn giao, không tính phí.
A34: - Bảo hành không bao gồm: lỗi do khách tự chỉnh sửa code/hosting, lỗi do bên thứ ba (nhà cung cấp server, cổng thanh toán...), hoặc yêu cầu thêm tính năng mới.
A35: - Sau thời gian bảo hành, khách có thể chọn 1 trong 2 gói duy trì hàng tháng bên dưới (không bắt buộc), hoặc thuê xử lý theo vụ việc khi cần.
A37: Hạng mục | B37: Gói Cơ bản | C37: Gói Nâng cao
A38: Phí / tháng | B38: ='Đơn Giá Hệ Thống'!$B$19 -> 1000000 | C38: ='Đơn Giá Hệ Thống'!$B$20 -> 2500000
A39: Theo dõi & giám sát server | B39: Có | C39: Có
A40: Vá lỗi nhỏ phát sinh | B40: Có | C40: Có
A41: Cập nhật bảo mật định kỳ | B41: Không | C41: Có
A42: Thời gian phản hồi khi có sự cố | B42: 2-3 ngày làm việc | C42: Trong 24 giờ (ưu tiên)
A43: Thay đổi/chỉnh sửa nhỏ mỗi tháng | B43: Không gồm (báo giá riêng) | C43: Tối đa 1 thay đổi nhỏ/tháng
A44: Phát triển tính năng mới | B44: Báo giá riêng theo scope | C44: Báo giá riêng theo scope

Sheet NangCap
A1: LỘ TRÌNH NÂNG CẤP: MUA MVP TRƯỚC, NÂNG LÊN ĐẦY ĐỦ SAU
A2: Áp dụng khi khách chọn làm gói MVP trước, sau một thời gian vận hành mới quyết định mua thêm các tính năng mở rộng (UC13-UC26 ở sheet UC_HeThong) để nâng lên gói Đầy đủ.
A4: - Mua thêm phần mở rộng SAU khi MVP đã lên hệ thống thật sẽ mắc hơn mua trọn gói Đầy đủ ngay từ đầu, vì dev phải: đọc lại và hiểu code cũ, tích hợp tính năng mới vào hệ thống đang chạy thật (không được làm hỏng phần đang hoạt động), kiểm thử lại các luồng cũ để đảm bảo không xung đột, và sắp xếp một đợt làm việc riêng thay vì làm liền mạch từ đầu.
A5: - Hệ số phụ phí nâng cấp (mặc định +20%) chỉnh được ở sheet GiaDinh.
A7: Thông số | B7: Nâng cấp - 1 dev | C7: Nâng cấp - 2 dev
A8: Man-day phần mở rộng (Đầy đủ - MVP) | B8: =UC_HeThong!$G$43-UC_HeThong!$G$42 -> 40 | C8: =UC_HeThong!$G$43-UC_HeThong!$G$42 -> 40
A9: Chi phí phần mở rộng NẾU mua CÙNG lúc (đã gồm trong gói Đầy đủ) | B9: =BaoGia!D9-BaoGia!B9 -> 10000000 | C9: =BaoGia!E9-BaoGia!C9 -> 17500000
A10: Chi phí phần mở rộng NẾU mua SAU (nâng cấp riêng) | B10: =B9*'Đơn Giá Hệ Thống'!$B$22 -> 10000000 | C10: =C9*'Đơn Giá Hệ Thống'!$B$22 -> 17500000
A11: Chênh lệch phải trả THÊM do chọn nâng cấp sau | B11: =B10-B9 -> 0 | C11: =C10-C9 -> 0
A13: Đặt cọc khi ký hợp đồng nâng cấp | B13: =B10*'Đơn Giá Hệ Thống'!$B$21 -> 4000000 | C13: =C10*'Đơn Giá Hệ Thống'!$B$21 -> 7000000
A14: Thanh toán khi hoàn tất nâng cấp (còn lại) | B14: =B10*(1-'Đơn Giá Hệ Thống'!$B$21) -> 6000000 | C14: =C10*(1-'Đơn Giá Hệ Thống'!$B$21) -> 10500000
A17: SO SÁNH TỔNG CHI PHÍ: MUA ĐẦY ĐỦ NGAY vs MUA MVP RỒI NÂNG CẤP SAU
A18: Tổng nếu mua gói Đầy đủ NGAY từ đầu | B18: =BaoGia!D11 -> 16550000 | C18: =BaoGia!E11 -> 28362500
A19: Tổng nếu mua MVP trước rồi NÂNG CẤP sau (MVP + phần mở rộng mua sau) | B19: =BaoGia!B11+B10 -> 16550000 | C19: =BaoGia!C11+C10 -> 28362500
A20: Số tiền phát sinh thêm nếu chọn mua MVP trước rồi mới nâng cấp | B20: =B19-B18 -> 0 | C20: =C19-C18 -> 0
